{"cameraMode":{"drawMode":0,"name":"Shaded","section":"Shading Mode"},"sceneLighting":true,"audioPlay":false,"sceneViewState":{"m_AlwaysRefresh":false,"showFog":true,"showSkybox":true,"showFlares":true,"showImageEffects":true,"showParticleSystems":true,"showVisualEffectGraphs":true,"m_FxEnabled":true},"in2DMode":false,"pivot":{"x":29.206802368164064,"y":15.593165397644043,"z":40.309906005859378},"rotation":{"x":-0.17687994241714478,"y":0.3543952405452728,"z":-0.06839305907487869,"w":-0.9155946373939514},"size":1.1696313619613648,"orthographic":false}